{"cameraMode":{"drawMode":0,"name":"Shaded","section":"Shading Mode"},"sceneLighting":true,"audioPlay":false,"sceneViewState":{"showFog":true,"showMaterialUpdate":false,"showSkybox":true,"showFlares":true,"showImageEffects":true,"showParticleSystems":true},"in2DMode":false,"pivot":{"x":17.96843147277832,"y":-638.5537719726563,"z":503.7438659667969},"rotation":{"x":0.006899112369865179,"y":0.9848231673240662,"z":-0.168858140707016,"w":0.04020140692591667},"size":1.9562487602233887,"orthographic":false}